﻿<?xml version="1.0" encoding="utf-8"?>
<XnaContent xmlns:ItemClasses="RpgLibrary.ItemClasses">
  <Asset Type="ItemClasses:ArmorData">
    <Name>Leather Gloves</Name>
    <Type>Gloves</Type>
    <Price>10</Price>
    <Weight>1</Weight>
    <Equipped>false</Equipped>
    <ArmorLocation>Hands</ArmorLocation>
    <DefenseValue>5</DefenseValue>
    <DefenseModifier>0</DefenseModifier>
    <AllowableClasses>
      <Item>Fighter</Item>
      <Item>Rogue</Item>
      <Item>Priest</Item>
    </AllowableClasses>
  </Asset>
</XnaContent>