﻿<?xml version="1.0" encoding="utf-8"?>
<XnaContent xmlns:ItemClasses="RpgLibrary.ItemClasses">
  <Asset Type="ItemClasses:WeaponData">
    <Name>Club</Name>
    <Type>Health</Type>
    <Price>8</Price>
    <Weight>10</Weight>
    <Equipped>false</Equipped>
    <NumberHands>Main</NumberHands>
    <AttackValue>4</AttackValue>
    <AttackModifier>0</AttackModifier>
    <DamageEffectData>
      <Item>
        <Name Null="true" />
        <DamageType>Crushing</DamageType>
        <AttackType>Health</AttackType>
        <DieType>D6</DieType>
        <NumberOfDice>1</NumberOfDice>
        <Modifier>0</Modifier>
      </Item>
    </DamageEffectData>
    <AllowableClasses>
      <Item>Fighter</Item>
      <Item>Priest</Item>
      <Item>Rogue</Item>
    </AllowableClasses>
  </Asset>
</XnaContent>