﻿<?xml version="1.0" encoding="utf-8"?>
<XnaContent xmlns:ItemClasses="RpgLibrary.ItemClasses">
  <Asset Type="ItemClasses:WeaponData">
    <Name>Mace</Name>
    <Type>Health</Type>
    <Price>16</Price>
    <Weight>12</Weight>
    <Equipped>false</Equipped>
    <NumberHands>Main</NumberHands>
    <AttackValue>8</AttackValue>
    <AttackModifier>0</AttackModifier>
    <DamageEffectData>
      <Item>
        <Name Null="true" />
		  <TargetType>Enemy</TargetType>
		  <DamageType>Crushing</DamageType>
        <AttackType>Health</AttackType>
        <DieType>D8</DieType>
        <NumberOfDice>1</NumberOfDice>
        <Modifier>0</Modifier>
      </Item>
    </DamageEffectData>
    <AllowableClasses>
      <Item>Fighter</Item>
      <Item>Priest</Item>
      <Item>Rogue</Item>
    </AllowableClasses>
  </Asset>
</XnaContent>