﻿<?xml version="1.0" encoding="utf-8"?>
<XnaContent xmlns:CharacterClasses="RpgLibrary.CharacterClasses">
  <Asset Type="CharacterClasses:EntityData">
    <EntityName>Wizard</EntityName>
    <Strength>10</Strength>
    <Dexterity>10</Dexterity>
    <Cunning>12</Cunning>
    <Willpower>14</Willpower>
    <Magic>14</Magic>
    <Constitution>10</Constitution>
    <HealthFormula>10|CON|8</HealthFormula>
    <StaminaFormula>0|0|0</StaminaFormula>
    <MagicFormula>20|WIL|20</MagicFormula>
  </Asset>
</XnaContent>